exercise_id,exercise_name,exercise_type,intensity,difficulty,duration_min,met,target_area,equipment,impact_level,goal_tags,calories_burned_reference_70kg
E001,Đi bộ nhẹ,cardio,low,beginner,30,2.8,full_body,none,low,"healthy_lifestyle,maintenance,weight_loss",103
E002,Đi bộ nhanh,cardio,moderate,beginner,30,4.3,full_body,none,low,"weight_loss,maintenance,healthy_lifestyle",158
E003,Đi bộ dốc,cardio,moderate,intermediate,30,5.3,lower_body,treadmill_optional,moderate,"weight_loss,fitness_improvement",195
E004,Chạy bộ nhẹ,cardio,moderate,beginner,30,7.0,full_body,none,moderate,"weight_loss,fitness_improvement",257
E005,Chạy bộ,cardio,high,intermediate,30,9.8,full_body,none,high,"weight_loss,fitness_improvement",360
E006,Chạy interval,cardio,high,advanced,25,11.0,full_body,none,high,"weight_loss,fitness_improvement",337
E007,Đạp xe nhẹ,cardio,low,beginner,30,4.0,lower_body,bicycle,low,"healthy_lifestyle,maintenance",147
E008,Đạp xe vừa,cardio,moderate,beginner,30,6.8,lower_body,bicycle,low,"weight_loss,fitness_improvement",250
E009,Đạp xe nhanh,cardio,high,intermediate,30,10.0,lower_body,bicycle,low,"weight_loss,fitness_improvement",368
E010,Bơi nhẹ,cardio,low,beginner,30,5.0,full_body,pool,low,"maintenance,healthy_lifestyle",184
E011,Bơi tự do vừa,cardio,moderate,intermediate,30,7.0,full_body,pool,low,"weight_loss,fitness_improvement",257
E012,Bơi nhanh,cardio,high,advanced,30,9.8,full_body,pool,low,"fitness_improvement,weight_loss",360
E013,Nhảy dây nhẹ,cardio,moderate,intermediate,15,8.0,full_body,jump_rope,high,"weight_loss,fitness_improvement",147
E014,Nhảy dây nhanh,cardio,high,advanced,15,12.0,full_body,jump_rope,high,"weight_loss,fitness_improvement",220
E015,Leo cầu thang,cardio,moderate,intermediate,20,8.0,lower_body,stairs,moderate,"weight_loss,fitness_improvement",196
E016,Bodyweight Squat,strength,moderate,beginner,20,5.0,lower_body,none,low,"weight_gain,fitness_improvement,weight_loss",122
E017,Wall Squat,strength,low,beginner,15,3.5,lower_body,wall,low,"healthy_lifestyle,maintenance,fitness_improvement",64
E018,Lunge,strength,moderate,beginner,20,4.5,lower_body,none,moderate,"weight_gain,fitness_improvement,weight_loss",110
E019,Glute Bridge,strength,low,beginner,15,3.5,glutes,none,low,"weight_gain,fitness_improvement,healthy_lifestyle",64
E020,Calf Raise,strength,low,beginner,15,3.0,lower_body,none,low,"fitness_improvement,healthy_lifestyle",55
E021,Push-up,strength,moderate,beginner,15,4.0,upper_body,none,low,"weight_gain,fitness_improvement",74
E022,Knee Push-up,strength,low,beginner,15,3.0,upper_body,none,low,"fitness_improvement,healthy_lifestyle",55
E023,Incline Push-up,strength,low,beginner,15,3.2,upper_body,bench,low,"fitness_improvement,healthy_lifestyle",59
E024,Plank,strength,moderate,beginner,10,3.5,core,none,low,"fitness_improvement,maintenance",43
E025,Side Plank,strength,moderate,intermediate,10,3.5,core,none,low,fitness_improvement,43
E026,Bird Dog,strength,low,beginner,15,2.8,core,none,low,"healthy_lifestyle,maintenance,fitness_improvement",51
E027,Dead Bug,strength,low,beginner,15,2.8,core,none,low,"healthy_lifestyle,fitness_improvement",51
E028,Mountain Climber,strength_cardio,high,intermediate,15,8.0,full_body,none,moderate,"weight_loss,fitness_improvement",147
E029,Burpee,strength_cardio,high,advanced,15,10.0,full_body,none,high,"weight_loss,fitness_improvement",184
E030,Dumbbell Goblet Squat,strength,moderate,beginner,25,5.0,lower_body,dumbbell,low,"weight_gain,fitness_improvement",153
E031,Dumbbell Row,strength,moderate,beginner,20,4.5,back,dumbbell,low,"weight_gain,fitness_improvement",110
E032,Dumbbell Shoulder Press,strength,moderate,beginner,20,4.5,shoulders,dumbbell,low,"weight_gain,fitness_improvement",110
E033,Dumbbell Chest Press,strength,moderate,beginner,20,4.5,chest,"dumbbell,bench",low,"weight_gain,fitness_improvement",110
E034,Romanian Deadlift nhẹ,strength,moderate,intermediate,25,5.0,posterior_chain,dumbbell,moderate,"weight_gain,fitness_improvement",153
E035,Resistance Band Row,strength,low,beginner,20,3.5,back,resistance_band,low,"weight_gain,fitness_improvement,healthy_lifestyle",86
E036,Resistance Band Squat,strength,low,beginner,20,3.8,lower_body,resistance_band,low,"weight_gain,fitness_improvement",93
E037,Bicep Curl,strength,low,beginner,15,3.0,arms,dumbbell,low,"weight_gain,fitness_improvement",55
E038,Tricep Extension,strength,low,beginner,15,3.0,arms,dumbbell,low,"weight_gain,fitness_improvement",55
E039,Yoga nhẹ,flexibility,low,beginner,30,2.5,full_body,mat,low,"healthy_lifestyle,maintenance",92
E040,Hatha Yoga,flexibility,low,beginner,40,2.5,full_body,mat,low,"healthy_lifestyle,maintenance",122
E041,Power Yoga,flexibility,moderate,intermediate,40,4.0,full_body,mat,low,"fitness_improvement,healthy_lifestyle",196
E042,Giãn cơ toàn thân,flexibility,low,beginner,15,2.3,full_body,mat_optional,low,"healthy_lifestyle,maintenance,fitness_improvement",42
E043,Mobility toàn thân,mobility,low,beginner,20,2.5,full_body,none,low,"healthy_lifestyle,maintenance,fitness_improvement",61
E044,Mobility hông,mobility,low,beginner,15,2.3,hips,none,low,"healthy_lifestyle,fitness_improvement",42
E045,Mobility vai,mobility,low,beginner,15,2.3,shoulders,none,low,"healthy_lifestyle,fitness_improvement",42
E046,Pilates cơ bản,core_flexibility,low,beginner,30,3.0,core,mat,low,"healthy_lifestyle,maintenance,fitness_improvement",110
E047,Pilates trung bình,core_flexibility,moderate,intermediate,35,4.0,core,mat,low,"fitness_improvement,healthy_lifestyle",172
E048,Elliptical nhẹ,cardio,low,beginner,30,4.5,full_body,elliptical,low,"weight_loss,maintenance,healthy_lifestyle",165
E049,Elliptical vừa,cardio,moderate,intermediate,30,6.0,full_body,elliptical,low,"weight_loss,fitness_improvement",220
E050,Rowing Machine nhẹ,cardio_strength,moderate,beginner,25,5.0,full_body,rowing_machine,low,"fitness_improvement,weight_loss",153
E051,Rowing Machine vừa,cardio_strength,moderate,intermediate,30,7.0,full_body,rowing_machine,low,"fitness_improvement,weight_loss",257
E052,Circuit Bodyweight cơ bản,strength_cardio,moderate,beginner,25,6.0,full_body,none,moderate,"weight_loss,fitness_improvement",184
E053,Circuit Bodyweight nâng cao,strength_cardio,high,advanced,30,8.0,full_body,none,high,"weight_loss,fitness_improvement",294
E054,Tai Chi,mobility,low,beginner,30,3.0,full_body,none,low,"healthy_lifestyle,maintenance",110
E055,Đi bộ phục hồi,recovery,low,beginner,20,2.5,full_body,none,low,"healthy_lifestyle,maintenance",61
E056,Yoga phục hồi,recovery,low,beginner,25,2.0,full_body,mat,low,"healthy_lifestyle,maintenance",61
E057,Stretching phục hồi,recovery,low,beginner,15,2.0,full_body,mat_optional,low,"healthy_lifestyle,maintenance",37
E058,Dancing nhẹ,cardio,low,beginner,30,4.0,full_body,none,low,"healthy_lifestyle,maintenance,weight_loss",147
E059,Dancing aerobic,cardio,moderate,intermediate,30,6.5,full_body,none,moderate,"weight_loss,fitness_improvement",239
E060,Badminton giải trí,sport,moderate,beginner,45,5.5,full_body,racket,moderate,"healthy_lifestyle,fitness_improvement,weight_loss",303
