food_id,food_name,meal_type,food_group,calories,protein_g,carbs_g,fat_g,fiber_g,sodium_mg,diet_type,allergens,goal_tags
F001,Ức gà nướng,"lunch,dinner",protein,220,41,0,5,0,120,normal,none,"weight_loss,maintenance,fitness_improvement"
F002,Ức gà luộc,"lunch,dinner",protein,200,40,0,4,0,100,normal,none,"weight_loss,maintenance,fitness_improvement"
F003,Cá hồi nướng,"lunch,dinner",protein,280,30,0,17,0,90,normal,fish,"maintenance,weight_gain,fitness_improvement,healthy_lifestyle"
F004,Cá basa hấp,"lunch,dinner",protein,190,28,0,8,0,100,normal,fish,"weight_loss,maintenance,healthy_lifestyle"
F005,Cá thu nướng,"lunch,dinner",protein,260,27,0,17,0,100,normal,fish,"maintenance,weight_gain,healthy_lifestyle"
F006,Tôm hấp,"lunch,dinner",protein,160,30,2,3,0,450,normal,shellfish,"weight_loss,maintenance,fitness_improvement"
F007,Thịt bò nạc áp chảo,"lunch,dinner",protein,250,32,0,12,0,120,normal,none,"maintenance,weight_gain,fitness_improvement"
F008,Thịt heo nạc luộc,"lunch,dinner",protein,230,31,0,11,0,100,normal,none,"maintenance,weight_gain,fitness_improvement"
F009,Trứng luộc 2 quả,"breakfast,snack",protein,156,13,1,11,0,125,vegetarian,egg,"maintenance,weight_gain,fitness_improvement"
F010,Trứng ốp la ít dầu 2 quả,breakfast,protein,190,13,2,15,0,150,vegetarian,egg,"maintenance,weight_gain,fitness_improvement"
F011,Đậu hũ hấp,"lunch,dinner",protein,150,16,5,8,2,20,vegan,soy,"weight_loss,maintenance,healthy_lifestyle"
F012,Đậu hũ áp chảo ít dầu,"lunch,dinner",protein,190,17,7,11,2,35,vegan,soy,"maintenance,weight_gain,fitness_improvement"
F013,Tempeh áp chảo,"lunch,dinner",protein,230,21,16,10,7,20,vegan,soy,"weight_gain,fitness_improvement,healthy_lifestyle"
F014,Đậu lăng nấu chín,"lunch,dinner",protein,230,18,40,1,16,10,vegan,none,"weight_loss,maintenance,healthy_lifestyle"
F015,Đậu gà nấu chín,"lunch,dinner",protein,240,13,40,4,11,15,vegan,none,"maintenance,weight_gain,healthy_lifestyle"
F016,Sữa chua Hy Lạp không đường,"breakfast,snack",dairy,120,17,7,3,0,65,vegetarian,milk,"weight_loss,maintenance,fitness_improvement"
F017,Sữa chua không đường,"breakfast,snack",dairy,90,6,10,3,0,75,vegetarian,milk,"weight_loss,maintenance,healthy_lifestyle"
F018,Sữa tươi ít béo 250 ml,"breakfast,snack",dairy,120,8,12,5,0,105,vegetarian,milk,"maintenance,weight_gain,fitness_improvement"
F019,Sữa đậu nành không đường 250 ml,"breakfast,snack",beverage,90,8,5,4,1,90,vegan,soy,"maintenance,healthy_lifestyle"
F020,Phô mai cottage,"breakfast,snack",dairy,160,24,6,5,0,400,vegetarian,milk,"weight_gain,fitness_improvement,maintenance"
F021,Cơm gạo lứt 1 chén,"lunch,dinner",carbohydrate,215,5,45,2,4,10,vegan,none,"weight_loss,maintenance,healthy_lifestyle"
F022,Cơm trắng 1 chén,"lunch,dinner",carbohydrate,240,5,53,1,1,5,vegan,none,"maintenance,weight_gain,fitness_improvement"
F023,Khoai lang luộc 200 g,"breakfast,lunch,dinner",carbohydrate,180,3,42,0,6,70,vegan,none,"weight_loss,maintenance,healthy_lifestyle"
F024,Khoai tây luộc 250 g,"lunch,dinner",carbohydrate,190,5,43,0,4,20,vegan,none,"weight_loss,maintenance,fitness_improvement"
F025,Yến mạch 50 g,breakfast,whole_grain,190,7,32,4,5,3,vegan,gluten,"weight_loss,maintenance,fitness_improvement,healthy_lifestyle"
F026,Bánh mì nguyên cám 2 lát,"breakfast,snack",whole_grain,180,8,32,3,6,300,vegan,gluten,"weight_loss,maintenance,healthy_lifestyle"
F027,Bún tươi 150 g,"lunch,dinner",carbohydrate,165,3,37,0,1,15,vegan,none,"maintenance,weight_gain"
F028,Phở tươi 150 g,"breakfast,lunch",carbohydrate,170,3,39,0,1,20,vegan,none,"maintenance,weight_gain"
F029,Mì nguyên cám 150 g chín,"lunch,dinner",whole_grain,220,9,44,2,6,10,vegan,gluten,"maintenance,fitness_improvement,healthy_lifestyle"
F030,Quinoa 1 chén chín,"lunch,dinner",whole_grain,220,8,39,4,5,13,vegan,none,"maintenance,fitness_improvement,healthy_lifestyle"
F031,Bông cải xanh hấp,"lunch,dinner",vegetable,55,4,11,1,5,50,vegan,none,"weight_loss,maintenance,healthy_lifestyle"
F032,Rau cải luộc,"lunch,dinner",vegetable,45,3,8,1,4,45,vegan,none,"weight_loss,maintenance,healthy_lifestyle"
F033,Rau muống luộc,"lunch,dinner",vegetable,50,4,8,1,4,60,vegan,none,"weight_loss,maintenance,healthy_lifestyle"
F034,Cà rốt hấp,"lunch,dinner",vegetable,70,2,16,0,5,90,vegan,none,"weight_loss,maintenance,healthy_lifestyle"
F035,Bí đỏ hấp,"lunch,dinner",vegetable,80,2,19,0,4,5,vegan,none,"weight_loss,maintenance,healthy_lifestyle"
F036,Rau củ thập cẩm hấp,"lunch,dinner",vegetable,100,4,20,1,7,80,vegan,none,"weight_loss,maintenance,healthy_lifestyle"
F037,Salad rau xanh,"lunch,dinner",vegetable,90,3,12,4,6,100,vegan,none,"weight_loss,maintenance,healthy_lifestyle"
F038,Cà chua + dưa leo,"lunch,dinner",vegetable,60,2,12,1,4,25,vegan,none,"weight_loss,maintenance,healthy_lifestyle"
F039,Nấm xào ít dầu,"lunch,dinner",vegetable,100,5,12,5,3,90,vegan,none,"weight_loss,maintenance,healthy_lifestyle"
F040,Canh rau củ,"lunch,dinner",vegetable,90,4,15,2,5,350,vegan,none,"weight_loss,maintenance,healthy_lifestyle"
F041,Chuối,"breakfast,snack",fruit,105,1,27,0,3,1,vegan,none,"maintenance,weight_gain,fitness_improvement"
F042,Táo,"breakfast,snack",fruit,95,1,25,0,4,2,vegan,none,"weight_loss,maintenance,healthy_lifestyle"
F043,Cam,"breakfast,snack",fruit,85,2,21,0,4,0,vegan,none,"weight_loss,maintenance,healthy_lifestyle"
F044,Ổi,"breakfast,snack",fruit,110,4,23,1,9,3,vegan,none,"weight_loss,maintenance,healthy_lifestyle"
F045,Đu đủ,"breakfast,snack",fruit,85,1,22,0,4,8,vegan,none,"weight_loss,maintenance,healthy_lifestyle"
F046,Dưa hấu,snack,fruit,90,2,23,0,1,3,vegan,none,"weight_loss,maintenance,healthy_lifestyle"
F047,Bơ 1/2 quả,"breakfast,snack",fruit_fat,160,2,9,15,7,7,vegan,none,"weight_gain,maintenance,healthy_lifestyle"
F048,Thanh long,snack,fruit,100,2,23,0,5,0,vegan,none,"weight_loss,maintenance,healthy_lifestyle"
F049,Dâu tây 200 g,snack,fruit,65,1,16,1,4,2,vegan,none,"weight_loss,maintenance,healthy_lifestyle"
F050,Xoài 150 g,snack,fruit,100,1,25,1,2,2,vegan,none,"maintenance,weight_gain"
F051,Hạnh nhân 25 g,snack,nuts,145,5,5,13,3,1,vegan,tree_nuts,"weight_gain,fitness_improvement,healthy_lifestyle"
F052,Hạt điều 25 g,snack,nuts,140,5,8,11,1,3,vegan,tree_nuts,"weight_gain,fitness_improvement"
F053,Đậu phộng rang không muối 25 g,snack,nuts,145,6,5,12,2,2,vegan,peanut,"weight_gain,fitness_improvement"
F054,Hạt chia 20 g,"breakfast,snack",seeds,100,3,8,6,7,3,vegan,none,"weight_loss,maintenance,healthy_lifestyle"
F055,Bơ đậu phộng 2 muỗng,"breakfast,snack",nuts,190,8,7,16,2,140,vegan,peanut,"weight_gain,fitness_improvement"
F056,Dầu ô liu 1 muỗng,"lunch,dinner",healthy_fat,120,0,0,14,0,0,vegan,none,"weight_gain,maintenance,healthy_lifestyle"
F057,Cháo yến mạch trứng,breakfast,mixed_meal,330,18,43,10,6,320,vegetarian,"egg,gluten","maintenance,fitness_improvement,healthy_lifestyle"
F058,Yến mạch sữa chua chuối,breakfast,mixed_meal,390,20,61,8,8,120,vegetarian,"milk,gluten","maintenance,fitness_improvement,healthy_lifestyle"
F059,Bánh mì nguyên cám + trứng + rau,breakfast,mixed_meal,350,19,38,14,7,480,vegetarian,"egg,gluten","maintenance,fitness_improvement,healthy_lifestyle"
F060,Phở gà ít béo,"breakfast,lunch",mixed_meal,420,30,55,9,4,700,normal,none,"maintenance,fitness_improvement"
F061,Bún cá rau xanh,"lunch,dinner",mixed_meal,410,28,56,8,5,650,normal,fish,"weight_loss,maintenance,healthy_lifestyle"
F062,Cơm gạo lứt + ức gà + rau,"lunch,dinner",mixed_meal,520,43,58,12,9,420,normal,none,"weight_loss,maintenance,fitness_improvement"
F063,Cơm + cá hồi + rau,"lunch,dinner",mixed_meal,610,37,58,24,7,430,normal,fish,"maintenance,weight_gain,fitness_improvement"
F064,Cơm + bò nạc + rau,"lunch,dinner",mixed_meal,570,38,60,18,7,470,normal,none,"maintenance,weight_gain,fitness_improvement"
F065,Khoai lang + ức gà + salad,"lunch,dinner",mixed_meal,460,42,48,10,10,330,normal,none,"weight_loss,maintenance,fitness_improvement"
F066,Đậu hũ + gạo lứt + rau,"lunch,dinner",mixed_meal,470,23,65,14,11,300,vegan,soy,"weight_loss,maintenance,healthy_lifestyle"
F067,Quinoa + đậu gà + rau,"lunch,dinner",mixed_meal,500,20,75,13,16,260,vegan,none,"maintenance,fitness_improvement,healthy_lifestyle"
F068,Mì nguyên cám + bò nạc + rau,"lunch,dinner",mixed_meal,560,37,65,17,10,520,normal,gluten,"maintenance,weight_gain,fitness_improvement"
F069,Salad ức gà + bơ,"lunch,dinner",mixed_meal,430,38,18,23,10,390,normal,none,"weight_loss,maintenance,healthy_lifestyle"
F070,Salad đậu hũ + hạt,"lunch,dinner",mixed_meal,390,20,25,24,10,260,vegan,"soy,tree_nuts","weight_loss,maintenance,healthy_lifestyle"
F071,Cơm + tôm + rau củ,"lunch,dinner",mixed_meal,490,34,62,11,8,650,normal,shellfish,"weight_loss,maintenance,fitness_improvement"
F072,Khoai tây + cá + salad,"lunch,dinner",mixed_meal,450,33,50,12,9,350,normal,fish,"weight_loss,maintenance,healthy_lifestyle"
F073,Sữa chua Hy Lạp + trái cây + hạt,"breakfast,snack",mixed_meal,300,21,32,11,6,90,vegetarian,"milk,tree_nuts","maintenance,fitness_improvement,healthy_lifestyle"
F074,Sinh tố chuối sữa yến mạch,"breakfast,snack",beverage,380,14,65,9,7,130,vegetarian,"milk,gluten","weight_gain,fitness_improvement"
F075,Sinh tố đậu nành chuối bơ đậu phộng,"breakfast,snack",beverage,430,18,48,20,7,190,vegan,"soy,peanut","weight_gain,fitness_improvement"
F076,Sandwich gà nguyên cám,"breakfast,lunch",mixed_meal,430,35,45,13,7,600,normal,gluten,"maintenance,fitness_improvement"
F077,Sandwich đậu hũ nguyên cám,"breakfast,lunch",mixed_meal,390,20,48,13,8,520,vegan,"soy,gluten","maintenance,healthy_lifestyle"
F078,Cơm + trứng + rau,"lunch,dinner",mixed_meal,460,20,60,15,6,420,vegetarian,egg,"maintenance,weight_gain,healthy_lifestyle"
F079,Cháo gà rau củ,"breakfast,dinner",mixed_meal,360,27,48,7,4,520,normal,none,"maintenance,healthy_lifestyle"
F080,Súp đậu lăng + bánh mì nguyên cám,"lunch,dinner",mixed_meal,410,21,67,7,17,480,vegan,gluten,"weight_loss,maintenance,healthy_lifestyle"
